time,weather_code,temperature_2m_max,temperature_2m_min,sunrise,sunset,sunshine_duration,precipitation_hours
2024-01-01,61,8.8,5.1,2024-01-01T08:16,2024-01-01T15:56,17852.49,8.0
2024-01-02,63,10.9,7.6,2024-01-02T08:16,2024-01-02T15:57,0.00,15.0
2024-01-03,51,8.7,5.4,2024-01-03T08:16,2024-01-03T15:59,6506.38,6.0
2024-01-04,51,7.3,3.5,2024-01-04T08:15,2024-01-04T16:00,20740.77,2.0
2024-01-05,51,6.7,2.7,2024-01-05T08:15,2024-01-05T16:01,8909.48,6.0
2024-01-06,51,5.4,2.4,2024-01-06T08:15,2024-01-06T16:02,17267.45,4.0
2024-01-07,3,4.4,1.6,2024-01-07T08:14,2024-01-07T16:04,12659.02,0.0
2024-01-08,51,3.7,1.2,2024-01-08T08:14,2024-01-08T16:05,7568.87,3.0
2024-01-09,3,4.0,1.1,2024-01-09T08:13,2024-01-09T16:06,22973.69,0.0
2024-01-10,3,6.2,1.9,2024-01-10T08:13,2024-01-10T16:08,10800.00,0.0
2024-01-11,3,6.5,0.6,2024-01-11T08:12,2024-01-11T16:09,71.58,0.0
2024-01-12,3,6.4,2.1,2024-01-12T08:11,2024-01-12T16:11,443.79,0.0
2024-01-13,3,7.0,0.4,2024-01-13T08:10,2024-01-13T16:12,22430.29,0.0
2024-01-14,51,5.4,-1.9,2024-01-14T08:10,2024-01-14T16:14,18667.36,2.0
2024-01-15,3,1.5,-3.4,2024-01-15T08:09,2024-01-15T16:15,23812.62,0.0
2024-01-16,3,3.3,-2.2,2024-01-16T08:08,2024-01-16T16:17,12883.97,0.0
2024-01-17,3,1.2,-5.6,2024-01-17T08:07,2024-01-17T16:19,23862.97,0.0
2024-01-18,1,2.5,-5.6,2024-01-18T08:06,2024-01-18T16:20,24312.44,0.0
2024-01-19,3,4.1,-2.3,2024-01-19T08:05,2024-01-19T16:22,24539.53,0.0
2024-01-20,51,6.0,1.3,2024-01-20T08:04,2024-01-20T16:24,1007.82,5.0
2024-01-21,53,12.4,4.1,2024-01-21T08:02,2024-01-21T16:26,14298.43,6.0
2024-01-22,63,13.3,6.3,2024-01-22T08:01,2024-01-22T16:27,25117.23,2.0
2024-01-23,53,13.8,4.2,2024-01-23T08:00,2024-01-23T16:29,0.00,9.0
2024-01-24,3,10.9,3.6,2024-01-24T07:58,2024-01-24T16:31,22876.80,0.0
2024-01-25,51,12.4,3.5,2024-01-25T07:57,2024-01-25T16:33,0.00,2.0
2024-01-26,53,12.8,4.6,2024-01-26T07:56,2024-01-26T16:35,26276.76,3.0
2024-01-27,3,7.6,3.3,2024-01-27T07:54,2024-01-27T16:37,20968.51,0.0
2024-01-28,3,10.9,3.7,2024-01-28T07:53,2024-01-28T16:39,23725.79,0.0
2024-01-29,51,12.6,9.1,2024-01-29T07:51,2024-01-29T16:40,1038.04,5.0
2024-01-30,51,12.0,0.8,2024-01-30T07:50,2024-01-30T16:42,0.00,1.0
2024-01-31,53,10.3,0.5,2024-01-31T07:48,2024-01-31T16:44,9158.37,4.0
2024-02-01,3,8.0,2.8,2024-02-01T07:47,2024-02-01T16:46,21507.22,0.0
2024-02-02,3,12.8,5.3,2024-02-02T07:45,2024-02-02T16:48,3779.14,0.0
2024-02-03,51,12.9,8.7,2024-02-03T07:43,2024-02-03T16:50,16623.92,6.0
2024-02-04,51,12.6,8.5,2024-02-04T07:42,2024-02-04T16:52,0.00,6.0
2024-02-05,3,11.6,7.7,2024-02-05T07:40,2024-02-05T16:54,0.00,0.0
2024-02-06,61,12.6,5.5,2024-02-06T07:38,2024-02-06T16:56,3931.86,9.0
2024-02-07,3,6.3,0.1,2024-02-07T07:36,2024-02-07T16:57,14716.58,0.0
2024-02-08,75,4.9,0.9,2024-02-08T07:35,2024-02-08T16:59,0.00,17.0
2024-02-09,61,11.0,5.6,2024-02-09T07:33,2024-02-09T17:01,0.00,14.0
2024-02-10,61,10.1,4.4,2024-02-10T07:31,2024-02-10T17:03,4721.52,11.0
2024-02-11,61,9.4,3.4,2024-02-11T07:29,2024-02-11T17:05,16672.53,7.0
2024-02-12,51,8.4,2.0,2024-02-12T07:27,2024-02-12T17:07,29046.38,2.0
2024-02-13,53,10.6,5.1,2024-02-13T07:25,2024-02-13T17:09,5718.78,13.0
2024-02-14,51,14.1,10.4,2024-02-14T07:23,2024-02-14T17:11,3600.00,4.0
2024-02-15,51,18.5,11.5,2024-02-15T07:21,2024-02-15T17:13,19430.55,6.0
2024-02-16,53,12.8,7.4,2024-02-16T07:19,2024-02-16T17:15,23782.99,9.0
2024-02-17,61,13.7,6.9,2024-02-17T07:17,2024-02-17T17:17,4840.05,9.0
2024-02-18,61,13.0,8.3,2024-02-18T07:15,2024-02-18T17:19,17038.72,10.0
2024-02-19,53,12.0,6.9,2024-02-19T07:13,2024-02-19T17:21,29259.64,3.0
2024-02-20,51,13.1,5.3,2024-02-20T07:10,2024-02-20T17:23,19008.59,2.0
2024-02-21,53,12.1,8.4,2024-02-21T07:08,2024-02-21T17:25,0.00,10.0
2024-02-22,63,9.4,2.9,2024-02-22T07:06,2024-02-22T17:27,1846.27,10.0
2024-02-23,51,8.1,1.8,2024-02-23T07:04,2024-02-23T17:28,23329.14,1.0
2024-02-24,51,8.3,-0.8,2024-02-24T07:02,2024-02-24T17:30,33404.75,1.0
2024-02-25,3,9.0,-1.0,2024-02-25T07:00,2024-02-25T17:32,26924.79,0.0
2024-02-26,51,8.4,1.9,2024-02-26T06:58,2024-02-26T17:34,34004.60,5.0
2024-02-27,51,7.6,1.4,2024-02-27T06:55,2024-02-27T17:36,2162.08,3.0
2024-02-28,53,10.6,2.5,2024-02-28T06:53,2024-02-28T17:38,0.00,4.0
2024-02-29,53,10.9,4.6,2024-02-29T06:51,2024-02-29T17:40,0.00,11.0
2024-03-01,73,6.9,1.6,2024-03-01T06:49,2024-03-01T17:42,11380.77,6.0
2024-03-02,71,7.5,1.3,2024-03-02T06:46,2024-03-02T17:44,21457.57,9.0
2024-03-03,51,7.4,-2.2,2024-03-03T06:44,2024-03-03T17:45,18975.44,1.0
2024-03-04,51,10.4,-2.3,2024-03-04T06:42,2024-03-04T17:47,28633.20,4.0
2024-03-05,53,9.2,2.0,2024-03-05T06:39,2024-03-05T17:49,19489.12,11.0
2024-03-06,3,9.3,2.6,2024-03-06T06:37,2024-03-06T17:51,5896.13,0.0
2024-03-07,3,9.4,3.2,2024-03-07T06:35,2024-03-07T17:53,3600.00,0.0
2024-03-08,51,8.5,4.1,2024-03-08T06:32,2024-03-08T17:55,24942.90,3.0
2024-03-09,51,11.8,5.0,2024-03-09T06:30,2024-03-09T17:57,33075.02,5.0
2024-03-10,61,8.1,6.4,2024-03-10T06:28,2024-03-10T17:58,0.00,21.0
2024-03-11,51,8.9,5.5,2024-03-11T06:25,2024-03-11T18:00,0.00,6.0
2024-03-12,61,14.3,4.6,2024-03-12T06:23,2024-03-12T18:02,5996.66,9.0
2024-03-13,51,14.7,10.6,2024-03-13T06:21,2024-03-13T18:04,3659.39,2.0
2024-03-14,55,15.6,9.7,2024-03-14T06:18,2024-03-14T18:06,11065.77,5.0
2024-03-15,53,14.6,7.3,2024-03-15T06:16,2024-03-15T18:07,29017.18,11.0
2024-03-16,51,11.4,2.0,2024-03-16T06:14,2024-03-16T18:09,19384.49,4.0
2024-03-17,61,15.7,8.3,2024-03-17T06:11,2024-03-17T18:11,17542.39,10.0
2024-03-18,51,14.3,5.1,2024-03-18T06:09,2024-03-18T18:13,21162.29,2.0
2024-03-19,51,15.6,9.1,2024-03-19T06:06,2024-03-19T18:15,30110.52,5.0
2024-03-20,53,14.4,6.5,2024-03-20T06:04,2024-03-20T18:16,0.00,17.0
2024-03-21,51,12.5,5.4,2024-03-21T06:02,2024-03-21T18:18,7111.17,1.0
2024-03-22,3,11.4,5.3,2024-03-22T05:59,2024-03-22T18:20,35268.22,0.0
2024-03-23,51,8.7,3.8,2024-03-23T05:57,2024-03-23T18:22,33632.84,4.0
2024-03-24,51,11.4,1.6,2024-03-24T05:54,2024-03-24T18:24,40973.45,4.0
2024-03-25,53,10.0,0.9,2024-03-25T05:52,2024-03-25T18:25,0.00,10.0
2024-03-26,51,13.8,5.3,2024-03-26T05:49,2024-03-26T18:27,18720.60,5.0
2024-03-27,61,11.0,4.8,2024-03-27T05:47,2024-03-27T18:29,30091.36,7.0
2024-03-28,55,10.7,4.9,2024-03-28T05:45,2024-03-28T18:31,20230.69,12.0
2024-03-29,51,12.9,4.3,2024-03-29T05:42,2024-03-29T18:33,34278.85,4.0
2024-03-30,3,13.5,4.5,2024-03-30T05:40,2024-03-30T18:34,42348.21,0.0
2024-03-31,51,11.3,4.2,2024-03-31T05:38,2024-03-31T18:36,17271.84,4.0
2024-04-01,51,12.4,6.4,2024-04-01T05:35,2024-04-01T18:38,14400.00,11.0
2024-04-02,53,13.8,3.8,2024-04-02T05:33,2024-04-02T18:40,35563.21,7.0
2024-04-03,55,13.8,7.7,2024-04-03T05:31,2024-04-03T18:42,14594.75,9.0
2024-04-04,55,12.3,7.0,2024-04-04T05:28,2024-04-04T18:43,5449.58,12.0
2024-04-05,55,16.9,11.7,2024-04-05T05:26,2024-04-05T18:45,33719.19,14.0
2024-04-06,51,19.5,12.4,2024-04-06T05:24,2024-04-06T18:47,43200.00,1.0
2024-04-07,51,15.8,9.3,2024-04-07T05:21,2024-04-07T18:49,43200.00,4.0
2024-04-08,61,15.5,10.4,2024-04-08T05:19,2024-04-08T18:50,7408.24,3.0
2024-04-09,53,10.4,6.5,2024-04-09T05:16,2024-04-09T18:52,11208.79,9.0
2024-04-10,53,13.0,3.7,2024-04-10T05:14,2024-04-10T18:54,10887.55,8.0
2024-04-11,51,18.1,12.4,2024-04-11T05:12,2024-04-11T18:56,22541.94,2.0
2024-04-12,3,17.3,10.2,2024-04-12T05:10,2024-04-12T18:58,42015.01,0.0
2024-04-13,51,16.1,8.2,2024-04-13T05:07,2024-04-13T18:59,16757.12,1.0
2024-04-14,3,12.2,4.7,2024-04-14T05:05,2024-04-14T19:01,33307.14,0.0
2024-04-15,61,9.3,5.7,2024-04-15T05:03,2024-04-15T19:03,37516.08,8.0
2024-04-16,51,11.4,4.5,2024-04-16T05:00,2024-04-16T19:05,45033.78,3.0
2024-04-17,51,10.4,3.2,2024-04-17T04:58,2024-04-17T19:07,44105.19,5.0
2024-04-18,53,11.0,1.1,2024-04-18T04:56,2024-04-18T19:08,22831.43,7.0
2024-04-19,61,11.1,3.9,2024-04-19T04:54,2024-04-19T19:10,15075.20,3.0
2024-04-20,51,9.8,2.4,2024-04-20T04:52,2024-04-20T19:12,25835.22,1.0
2024-04-21,3,9.8,3.4,2024-04-21T04:49,2024-04-21T19:14,27969.50,0.0
2024-04-22,53,7.2,4.6,2024-04-22T04:47,2024-04-22T19:15,0.00,15.0
2024-04-23,51,9.4,4.9,2024-04-23T04:45,2024-04-23T19:17,18704.80,4.0
2024-04-24,51,8.6,3.5,2024-04-24T04:43,2024-04-24T19:19,39858.91,4.0
2024-04-25,53,8.6,1.1,2024-04-25T04:41,2024-04-25T19:21,22199.68,7.0
2024-04-26,53,10.0,0.3,2024-04-26T04:39,2024-04-26T19:22,48034.48,9.0
2024-04-27,51,9.9,2.1,2024-04-27T04:37,2024-04-27T19:24,15360.16,5.0
2024-04-28,63,10.7,5.1,2024-04-28T04:35,2024-04-28T19:26,2189.65,14.0
2024-04-29,51,14.3,5.5,2024-04-29T04:33,2024-04-29T19:28,45739.95,1.0
2024-04-30,51,17.7,7.6,2024-04-30T04:31,2024-04-30T19:30,49594.79,2.0
2024-05-01,51,18.2,8.2,2024-05-01T04:29,2024-05-01T19:31,29078.60,4.0
2024-05-02,3,18.8,8.5,2024-05-02T04:27,2024-05-02T19:33,49814.36,0.0
2024-05-03,53,14.6,7.7,2024-05-03T04:25,2024-05-03T19:35,11920.88,11.0
2024-05-04,53,16.2,8.0,2024-05-04T04:23,2024-05-04T19:37,29941.16,2.0
2024-05-05,51,17.8,5.5,2024-05-05T04:21,2024-05-05T19:38,49891.55,1.0
2024-05-06,51,18.2,6.9,2024-05-06T04:19,2024-05-06T19:40,49474.34,1.0
2024-05-07,51,16.5,7.0,2024-05-07T04:17,2024-05-07T19:42,30615.85,1.0
2024-05-08,3,19.4,6.5,2024-05-08T04:15,2024-05-08T19:43,43227.30,0.0
2024-05-09,3,20.6,10.2,2024-05-09T04:14,2024-05-09T19:45,50403.29,0.0
2024-05-10,3,22.0,11.2,2024-05-10T04:12,2024-05-10T19:47,49071.11,0.0
2024-05-11,3,20.6,8.9,2024-05-11T04:10,2024-05-11T19:48,47097.52,0.0
2024-05-12,51,23.1,10.2,2024-05-12T04:09,2024-05-12T19:50,50453.14,1.0
2024-05-13,3,19.9,12.5,2024-05-13T04:07,2024-05-13T19:52,47007.19,0.0
2024-05-14,53,16.5,13.3,2024-05-14T04:05,2024-05-14T19:53,538.72,15.0
2024-05-15,53,18.1,11.3,2024-05-15T04:04,2024-05-15T19:55,18000.00,10.0
2024-05-16,61,15.1,10.3,2024-05-16T04:02,2024-05-16T19:56,1134.48,10.0
2024-05-17,51,19.5,10.8,2024-05-17T04:01,2024-05-17T19:58,48340.60,6.0
2024-05-18,51,20.4,10.3,2024-05-18T03:59,2024-05-18T20:00,31988.72,3.0
2024-05-19,0,19.5,9.2,2024-05-19T03:58,2024-05-19T20:01,52236.27,0.0
2024-05-20,3,17.0,8.9,2024-05-20T03:56,2024-05-20T20:03,42570.58,0.0
2024-05-21,61,18.3,8.4,2024-05-21T03:55,2024-05-21T20:04,24062.16,10.0
2024-05-22,61,14.6,12.4,2024-05-22T03:54,2024-05-22T20:06,1520.72,22.0
2024-05-23,51,14.3,11.0,2024-05-23T03:52,2024-05-23T20:07,16193.71,2.0
2024-05-24,51,15.0,8.9,2024-05-24T03:51,2024-05-24T20:08,19082.26,2.0
2024-05-25,51,16.3,7.7,2024-05-25T03:50,2024-05-25T20:10,19222.40,2.0
2024-05-26,63,18.0,10.4,2024-05-26T03:49,2024-05-26T20:11,30031.45,12.0
2024-05-27,51,15.9,9.0,2024-05-27T03:48,2024-05-27T20:13,53163.38,3.0
2024-05-28,53,18.2,8.9,2024-05-28T03:47,2024-05-28T20:14,15526.29,13.0
2024-05-29,51,17.7,11.5,2024-05-29T03:46,2024-05-29T20:15,50977.76,6.0
2024-05-30,61,16.9,10.4,2024-05-30T03:45,2024-05-30T20:16,13972.27,9.0
2024-05-31,51,14.8,9.2,2024-05-31T03:44,2024-05-31T20:18,14225.43,2.0
2024-06-01,51,15.1,8.1,2024-06-01T03:43,2024-06-01T20:19,23942.44,4.0
2024-06-02,3,20.5,6.2,2024-06-02T03:42,2024-06-02T20:20,54910.04,0.0
2024-06-03,51,17.9,11.5,2024-06-03T03:41,2024-06-03T20:21,9460.45,2.0
2024-06-04,55,17.3,8.2,2024-06-04T03:41,2024-06-04T20:22,10228.68,7.0
2024-06-05,51,14.8,5.9,2024-06-05T03:40,2024-06-05T20:23,52107.45,1.0
2024-06-06,51,15.7,8.3,2024-06-06T03:39,2024-06-06T20:24,50545.96,5.0
2024-06-07,51,16.9,7.7,2024-06-07T03:39,2024-06-07T20:25,40781.06,1.0
2024-06-08,51,15.9,8.5,2024-06-08T03:38,2024-06-08T20:26,36366.29,2.0
2024-06-09,53,15.0,7.6,2024-06-09T03:38,2024-06-09T20:26,34422.35,5.0
2024-06-10,61,13.9,8.1,2024-06-10T03:38,2024-06-10T20:27,41253.89,19.0
2024-06-11,51,14.2,6.3,2024-06-11T03:37,2024-06-11T20:28,36236.34,9.0
2024-06-12,51,15.3,6.6,2024-06-12T03:37,2024-06-12T20:29,46378.83,4.0
2024-06-13,53,15.3,6.2,2024-06-13T03:37,2024-06-13T20:29,20663.82,9.0
2024-06-14,53,17.7,11.4,2024-06-14T03:37,2024-06-14T20:30,40286.86,8.0
2024-06-15,55,15.1,10.1,2024-06-15T03:37,2024-06-15T20:31,43770.21,12.0
2024-06-16,63,17.4,10.7,2024-06-16T03:37,2024-06-16T20:31,46490.95,14.0
2024-06-17,51,18.3,9.6,2024-06-17T03:37,2024-06-17T20:31,51600.87,3.0
2024-06-18,61,17.5,8.7,2024-06-18T03:37,2024-06-18T20:32,42991.91,8.0
2024-06-19,51,17.3,10.1,2024-06-19T03:37,2024-06-19T20:32,27010.91,2.0
2024-06-20,3,21.1,9.9,2024-06-20T03:37,2024-06-20T20:32,44376.44,0.0
2024-06-21,51,22.3,12.4,2024-06-21T03:37,2024-06-21T20:33,53110.09,1.0
2024-06-22,51,20.8,12.7,2024-06-22T03:37,2024-06-22T20:33,49842.10,3.0
2024-06-23,3,22.4,11.1,2024-06-23T03:38,2024-06-23T20:33,37257.91,0.0
2024-06-24,3,24.6,15.6,2024-06-24T03:38,2024-06-24T20:33,37449.20,0.0
2024-06-25,3,26.0,14.5,2024-06-25T03:38,2024-06-25T20:33,55772.73,0.0
2024-06-26,3,25.4,13.4,2024-06-26T03:39,2024-06-26T20:33,55743.13,0.0
2024-06-27,3,21.9,14.2,2024-06-27T03:40,2024-06-27T20:33,44544.94,0.0
2024-06-28,51,18.7,12.4,2024-06-28T03:40,2024-06-28T20:32,46991.18,1.0
2024-06-29,3,20.5,10.4,2024-06-29T03:41,2024-06-29T20:32,34833.03,0.0
2024-06-30,61,17.0,12.6,2024-06-30T03:41,2024-06-30T20:32,27514.54,8.0
2024-07-01,53,17.4,9.9,2024-07-01T03:42,2024-07-01T20:32,14441.00,4.0
2024-07-02,51,18.1,12.4,2024-07-02T03:43,2024-07-02T20:31,28387.95,5.0
2024-07-03,61,17.6,11.1,2024-07-03T03:44,2024-07-03T20:31,13747.05,10.0
2024-07-04,3,17.7,10.1,2024-07-04T03:45,2024-07-04T20:30,45612.57,0.0
2024-07-05,53,19.6,11.4,2024-07-05T03:46,2024-07-05T20:30,33592.34,5.0
2024-07-06,61,16.4,10.4,2024-07-06T03:47,2024-07-06T20:29,27225.47,12.0
2024-07-07,63,17.5,9.6,2024-07-07T03:48,2024-07-07T20:28,47876.15,5.0
2024-07-08,53,19.5,7.7,2024-07-08T03:49,2024-07-08T20:28,42841.04,3.0
2024-07-09,63,20.8,13.9,2024-07-09T03:50,2024-07-09T20:27,0.00,21.0
2024-07-10,3,19.6,14.6,2024-07-10T03:51,2024-07-10T20:26,18058.11,0.0
2024-07-11,53,15.6,12.7,2024-07-11T03:52,2024-07-11T20:25,0.00,9.0
2024-07-12,51,16.8,11.2,2024-07-12T03:53,2024-07-12T20:24,23363.79,5.0
2024-07-13,53,16.7,11.3,2024-07-13T03:54,2024-07-13T20:23,16459.94,5.0
2024-07-14,51,18.1,10.9,2024-07-14T03:55,2024-07-14T20:22,13300.83,4.0
2024-07-15,63,21.1,10.3,2024-07-15T03:57,2024-07-15T20:21,25892.83,8.0
2024-07-16,63,19.0,13.7,2024-07-16T03:58,2024-07-16T20:20,13014.52,17.0
2024-07-17,3,21.9,11.6,2024-07-17T03:59,2024-07-17T20:19,50810.12,0.0
2024-07-18,3,24.6,14.3,2024-07-18T04:01,2024-07-18T20:18,53204.84,0.0
2024-07-19,3,27.2,16.1,2024-07-19T04:02,2024-07-19T20:16,52160.65,0.0
2024-07-20,51,23.0,17.0,2024-07-20T04:04,2024-07-20T20:15,29552.55,5.0
2024-07-21,3,19.8,13.2,2024-07-21T04:05,2024-07-21T20:14,43200.93,0.0
2024-07-22,51,22.2,12.8,2024-07-22T04:06,2024-07-22T20:12,49595.15,2.0
2024-07-23,3,22.1,12.2,2024-07-23T04:08,2024-07-23T20:11,47046.89,0.0
2024-07-24,63,23.1,12.2,2024-07-24T04:09,2024-07-24T20:09,27330.53,7.0
2024-07-25,51,22.7,15.5,2024-07-25T04:11,2024-07-25T20:08,7085.10,3.0
2024-07-26,3,20.7,13.4,2024-07-26T04:12,2024-07-26T20:06,51539.30,0.0
2024-07-27,51,20.4,11.0,2024-07-27T04:14,2024-07-27T20:05,46832.76,2.0
2024-07-28,3,23.3,10.7,2024-07-28T04:16,2024-07-28T20:03,47798.32,0.0
2024-07-29,53,26.3,12.8,2024-07-29T04:17,2024-07-29T20:02,51094.00,1.0
2024-07-30,51,26.0,14.8,2024-07-30T04:19,2024-07-30T20:00,41430.00,1.0
2024-07-31,3,26.5,13.9,2024-07-31T04:20,2024-07-31T19:58,50400.00,0.0
2024-08-01,63,25.3,16.9,2024-08-01T04:22,2024-08-01T19:57,44414.13,3.0
2024-08-02,53,25.8,15.9,2024-08-02T04:23,2024-08-02T19:55,50300.62,1.0
2024-08-03,53,20.8,13.3,2024-08-03T04:25,2024-08-03T19:53,18752.04,3.0
2024-08-04,51,20.0,12.4,2024-08-04T04:27,2024-08-04T19:51,3106.63,3.0
2024-08-05,3,24.4,15.0,2024-08-05T04:28,2024-08-05T19:49,25467.01,0.0
2024-08-06,53,22.2,15.2,2024-08-06T04:30,2024-08-06T19:47,27028.71,6.0
2024-08-07,3,20.3,12.4,2024-08-07T04:32,2024-08-07T19:45,24258.34,0.0
2024-08-08,51,20.9,13.4,2024-08-08T04:33,2024-08-08T19:44,17537.18,4.0
2024-08-09,51,22.6,15.6,2024-08-09T04:35,2024-08-09T19:42,49704.52,2.0
2024-08-10,3,22.5,14.0,2024-08-10T04:37,2024-08-10T19:40,13975.78,0.0
2024-08-11,3,25.5,12.1,2024-08-11T04:38,2024-08-11T19:38,49518.88,0.0
2024-08-12,51,29.9,16.9,2024-08-12T04:40,2024-08-12T19:35,49390.48,1.0
2024-08-13,3,25.0,13.1,2024-08-13T04:42,2024-08-13T19:33,49181.00,0.0
2024-08-14,51,20.5,15.9,2024-08-14T04:44,2024-08-14T19:31,5413.37,1.0
2024-08-15,63,23.2,13.0,2024-08-15T04:45,2024-08-15T19:29,8376.22,7.0
2024-08-16,2,21.9,9.5,2024-08-16T04:47,2024-08-16T19:27,48545.25,0.0
2024-08-17,3,19.7,9.3,2024-08-17T04:49,2024-08-17T19:25,26738.65,0.0
2024-08-18,3,21.3,11.9,2024-08-18T04:50,2024-08-18T19:23,47762.94,0.0
2024-08-19,51,21.1,10.6,2024-08-19T04:52,2024-08-19T19:21,24486.32,1.0
2024-08-20,51,20.5,13.6,2024-08-20T04:54,2024-08-20T19:19,47685.91,2.0
2024-08-21,3,18.8,11.5,2024-08-21T04:55,2024-08-21T19:16,19392.87,0.0
2024-08-22,51,22.4,15.1,2024-08-22T04:57,2024-08-22T19:14,23890.13,12.0
2024-08-23,61,19.8,14.3,2024-08-23T04:59,2024-08-23T19:12,44167.04,3.0
2024-08-24,61,17.7,11.8,2024-08-24T05:00,2024-08-24T19:10,16507.34,15.0
2024-08-25,3,19.0,9.6,2024-08-25T05:02,2024-08-25T19:08,29961.58,0.0
2024-08-26,3,20.5,13.2,2024-08-26T05:04,2024-08-26T19:05,35119.59,0.0
2024-08-27,51,22.9,14.3,2024-08-27T05:06,2024-08-27T19:03,31538.13,1.0
2024-08-28,55,24.5,15.3,2024-08-28T05:07,2024-08-28T19:01,27720.25,3.0
2024-08-29,3,20.1,11.2,2024-08-29T05:09,2024-08-29T18:58,42717.57,0.0
2024-08-30,3,20.6,8.9,2024-08-30T05:11,2024-08-30T18:56,44259.85,0.0
2024-08-31,53,20.1,9.2,2024-08-31T05:12,2024-08-31T18:54,37635.71,2.0
2024-09-01,51,23.6,14.7,2024-09-01T05:14,2024-09-01T18:51,35478.75,1.0
2024-09-02,53,22.8,14.8,2024-09-02T05:16,2024-09-02T18:49,11692.65,9.0
2024-09-03,61,18.9,11.9,2024-09-03T05:18,2024-09-03T18:47,9853.81,5.0
2024-09-04,3,16.9,11.2,2024-09-04T05:19,2024-09-04T18:44,27682.15,0.0
2024-09-05,51,18.9,11.4,2024-09-05T05:21,2024-09-05T18:42,5022.92,3.0
2024-09-06,3,24.7,15.7,2024-09-06T05:23,2024-09-06T18:39,43200.00,0.0
2024-09-07,53,21.0,15.3,2024-09-07T05:24,2024-09-07T18:37,9981.38,10.0
2024-09-08,65,21.1,15.1,2024-09-08T05:26,2024-09-08T18:35,28617.95,15.0
2024-09-09,53,16.6,12.5,2024-09-09T05:28,2024-09-09T18:32,18048.70,3.0
2024-09-10,53,16.6,9.2,2024-09-10T05:29,2024-09-10T18:30,7720.38,7.0
2024-09-11,51,13.7,8.0,2024-09-11T05:31,2024-09-11T18:28,42578.39,1.0
2024-09-12,51,14.3,6.2,2024-09-12T05:33,2024-09-12T18:25,42336.43,3.0
2024-09-13,3,15.5,3.7,2024-09-13T05:34,2024-09-13T18:23,40520.02,0.0
2024-09-14,3,19.0,7.8,2024-09-14T05:36,2024-09-14T18:20,41848.29,0.0
2024-09-15,55,18.5,10.4,2024-09-15T05:38,2024-09-15T18:18,21342.55,5.0
2024-09-16,3,18.2,7.6,2024-09-16T05:40,2024-09-16T18:16,41355.41,0.0
2024-09-17,3,18.5,5.7,2024-09-17T05:41,2024-09-17T18:13,41107.54,0.0
2024-09-18,3,19.9,10.1,2024-09-18T05:43,2024-09-18T18:11,37173.73,0.0
2024-09-19,51,20.3,11.6,2024-09-19T05:45,2024-09-19T18:08,21584.54,1.0
2024-09-20,51,19.6,13.2,2024-09-20T05:46,2024-09-20T18:06,19783.10,4.0
2024-09-21,53,22.2,13.6,2024-09-21T05:48,2024-09-21T18:03,33759.09,6.0
2024-09-22,53,19.3,12.6,2024-09-22T05:50,2024-09-22T18:01,1342.36,7.0
2024-09-23,63,18.2,13.9,2024-09-23T05:52,2024-09-23T17:58,745.13,17.0
2024-09-24,53,16.4,9.3,2024-09-24T05:53,2024-09-24T17:56,20483.52,3.0
2024-09-25,61,14.5,7.5,2024-09-25T05:55,2024-09-25T17:54,12448.04,7.0
2024-09-26,63,16.9,9.8,2024-09-26T05:57,2024-09-26T17:51,21415.74,12.0
2024-09-27,61,13.1,6.1,2024-09-27T05:58,2024-09-27T17:49,23694.36,10.0
2024-09-28,3,13.4,4.1,2024-09-28T06:00,2024-09-28T17:47,30699.35,0.0
2024-09-29,51,14.6,6.3,2024-09-29T06:02,2024-09-29T17:44,10263.79,2.0
2024-09-30,63,15.2,11.1,2024-09-30T06:04,2024-09-30T17:42,0.00,20.0
2024-10-01,63,13.1,11.5,2024-10-01T06:05,2024-10-01T17:39,0.00,16.0
2024-10-02,51,15.3,9.4,2024-10-02T06:07,2024-10-02T17:37,28800.00,5.0
2024-10-03,3,16.1,8.7,2024-10-03T06:09,2024-10-03T17:35,36304.02,0.0
2024-10-04,3,15.3,4.4,2024-10-04T06:11,2024-10-04T17:32,32859.41,0.0
2024-10-05,3,16.5,6.8,2024-10-05T06:12,2024-10-05T17:30,36121.61,0.0
2024-10-06,63,15.3,10.6,2024-10-06T06:14,2024-10-06T17:28,6125.14,8.0
2024-10-07,51,17.5,10.5,2024-10-07T06:16,2024-10-07T17:25,34451.84,1.0
2024-10-08,61,17.2,10.9,2024-10-08T06:18,2024-10-08T17:23,31324.08,11.0
2024-10-09,61,15.1,11.0,2024-10-09T06:19,2024-10-09T17:21,18288.26,16.0
2024-10-10,51,10.7,3.3,2024-10-10T06:21,2024-10-10T17:18,35038.90,1.0
2024-10-11,3,11.8,2.3,2024-10-11T06:23,2024-10-11T17:16,32400.00,0.0
2024-10-12,53,12.2,6.6,2024-10-12T06:25,2024-10-12T17:14,20616.89,7.0
2024-10-13,3,10.1,4.7,2024-10-13T06:27,2024-10-13T17:11,11240.71,0.0
2024-10-14,51,12.2,6.8,2024-10-14T06:28,2024-10-14T17:09,7664.76,4.0
2024-10-15,3,14.6,9.3,2024-10-15T06:30,2024-10-15T17:07,0.00,0.0
2024-10-16,61,18.7,13.3,2024-10-16T06:32,2024-10-16T17:05,633.67,8.0
2024-10-17,51,17.0,10.6,2024-10-17T06:34,2024-10-17T17:02,31774.42,2.0
2024-10-18,53,15.0,8.0,2024-10-18T06:36,2024-10-18T17:00,20335.21,7.0
2024-10-19,63,15.9,9.7,2024-10-19T06:37,2024-10-19T16:58,19917.42,10.0
2024-10-20,53,16.4,9.8,2024-10-20T06:39,2024-10-20T16:56,8066.41,8.0
2024-10-21,3,14.1,9.3,2024-10-21T06:41,2024-10-21T16:54,0.00,0.0
2024-10-22,3,15.3,7.9,2024-10-22T06:43,2024-10-22T16:52,31664.72,0.0
2024-10-23,3,14.4,8.1,2024-10-23T06:45,2024-10-23T16:50,13743.21,0.0
2024-10-24,2,16.0,8.9,2024-10-24T06:47,2024-10-24T16:47,31028.99,0.0
2024-10-25,55,16.2,10.4,2024-10-25T06:49,2024-10-25T16:45,0.00,4.0
2024-10-26,51,14.6,7.6,2024-10-26T06:50,2024-10-26T16:43,18364.64,2.0
2024-10-27,55,12.0,3.8,2024-10-27T06:52,2024-10-27T16:41,30502.18,4.0
2024-10-28,55,16.2,10.1,2024-10-28T06:54,2024-10-28T16:39,9576.64,5.0
2024-10-29,51,16.0,10.3,2024-10-29T06:56,2024-10-29T16:37,14236.77,1.0
2024-10-30,3,13.3,6.6,2024-10-30T06:58,2024-10-30T16:35,15635.57,0.0
2024-10-31,3,12.2,7.5,2024-10-31T07:00,2024-10-31T16:33,15577.49,0.0
2024-11-01,3,14.3,7.3,2024-11-01T07:02,2024-11-01T16:31,13732.87,0.0
2024-11-02,3,14.0,10.3,2024-11-02T07:04,2024-11-02T16:29,942.09,0.0
2024-11-03,51,12.5,9.5,2024-11-03T07:05,2024-11-03T16:27,0.00,1.0
2024-11-04,51,12.0,8.7,2024-11-04T07:07,2024-11-04T16:26,0.00,5.0
2024-11-05,3,13.2,9.5,2024-11-05T07:09,2024-11-05T16:24,7231.65,0.0
2024-11-06,3,12.7,9.2,2024-11-06T07:11,2024-11-06T16:22,532.10,0.0
2024-11-07,3,12.8,10.2,2024-11-07T07:13,2024-11-07T16:20,0.00,0.0
2024-11-08,51,10.0,8.3,2024-11-08T07:15,2024-11-08T16:19,0.00,3.0
2024-11-09,51,9.4,6.6,2024-11-09T07:17,2024-11-09T16:17,6420.05,1.0
2024-11-10,51,12.5,4.7,2024-11-10T07:18,2024-11-10T16:15,4587.79,1.0
2024-11-11,3,10.9,5.1,2024-11-11T07:20,2024-11-11T16:14,27263.75,0.0
2024-11-12,3,10.4,5.1,2024-11-12T07:22,2024-11-12T16:12,7511.87,0.0
2024-11-13,3,11.2,4.1,2024-11-13T07:24,2024-11-13T16:11,25368.16,0.0
2024-11-14,3,11.2,3.7,2024-11-14T07:26,2024-11-14T16:09,21421.49,0.0
2024-11-15,3,9.6,3.0,2024-11-15T07:28,2024-11-15T16:08,13903.62,0.0
2024-11-16,3,11.4,5.9,2024-11-16T07:29,2024-11-16T16:06,2303.39,0.0
2024-11-17,51,8.7,4.2,2024-11-17T07:31,2024-11-17T16:05,20856.62,4.0
2024-11-18,73,4.2,0.5,2024-11-18T07:33,2024-11-18T16:03,10042.37,7.0
2024-11-19,75,1.8,-2.5,2024-11-19T07:35,2024-11-19T16:02,867.39,10.0
2024-11-20,3,1.5,-3.2,2024-11-20T07:36,2024-11-20T16:01,25255.07,0.0
2024-11-21,3,2.1,-4.3,2024-11-21T07:38,2024-11-21T16:00,25047.53,0.0
2024-11-22,3,4.2,-0.6,2024-11-22T07:40,2024-11-22T15:58,24761.22,0.0
2024-11-23,55,15.0,-0.4,2024-11-23T07:42,2024-11-23T15:57,0.00,16.0
2024-11-24,63,15.6,10.0,2024-11-24T07:43,2024-11-24T15:56,6740.85,21.0
2024-11-25,3,10.4,5.8,2024-11-25T07:45,2024-11-25T15:55,23955.40,0.0
2024-11-26,3,8.0,1.6,2024-11-26T07:46,2024-11-26T15:54,23882.65,0.0
2024-11-27,61,5.6,-0.1,2024-11-27T07:48,2024-11-27T15:53,8884.19,11.0
2024-11-28,3,3.9,-0.8,2024-11-28T07:50,2024-11-28T15:52,23194.80,0.0
2024-11-29,3,8.7,2.5,2024-11-29T07:51,2024-11-29T15:52,22245.99,0.0
2024-11-30,3,13.6,8.9,2024-11-30T07:52,2024-11-30T15:51,3611.30,0.0
2024-12-01,61,13.2,10.3,2024-12-01T07:54,2024-12-01T15:50,5287.89,6.0
2024-12-02,55,10.3,3.9,2024-12-02T07:55,2024-12-02T15:50,169.00,6.0
2024-12-03,3,5.6,0.3,2024-12-03T07:57,2024-12-03T15:49,22433.24,0.0
2024-12-04,63,9.1,2.7,2024-12-04T07:58,2024-12-04T15:48,9672.75,5.0
2024-12-05,63,12.4,7.5,2024-12-05T07:59,2024-12-05T15:48,4235.52,11.0
2024-12-06,61,9.7,6.3,2024-12-06T08:01,2024-12-06T15:48,21545.23,4.0
2024-12-07,61,11.9,5.8,2024-12-07T08:02,2024-12-07T15:47,0.00,19.0
2024-12-08,61,7.5,5.3,2024-12-08T08:03,2024-12-08T15:47,0.00,22.0
2024-12-09,51,8.0,6.7,2024-12-09T08:04,2024-12-09T15:47,0.00,6.0
2024-12-10,51,7.1,5.2,2024-12-10T08:05,2024-12-10T15:46,0.00,1.0
2024-12-11,51,6.7,5.0,2024-12-11T08:07,2024-12-11T15:46,2728.19,1.0
2024-12-12,51,7.7,4.3,2024-12-12T08:08,2024-12-12T15:46,0.00,4.0
2024-12-13,51,7.0,4.6,2024-12-13T08:09,2024-12-13T15:46,0.00,5.0
2024-12-14,51,7.2,4.1,2024-12-14T08:09,2024-12-14T15:46,21661.26,2.0
2024-12-15,3,12.1,7.3,2024-12-15T08:10,2024-12-15T15:46,0.00,0.0
2024-12-16,51,11.4,7.8,2024-12-16T08:11,2024-12-16T15:46,15116.41,2.0
2024-12-17,63,10.5,6.2,2024-12-17T08:12,2024-12-17T15:47,0.00,2.0
2024-12-18,63,13.8,8.1,2024-12-18T08:12,2024-12-18T15:47,10800.00,10.0
2024-12-19,61,6.7,3.2,2024-12-19T08:13,2024-12-19T15:47,21603.26,4.0
2024-12-20,51,7.8,2.7,2024-12-20T08:14,2024-12-20T15:48,5115.63,5.0
2024-12-21,61,12.5,5.4,2024-12-21T08:14,2024-12-21T15:48,11102.67,4.0
2024-12-22,71,6.6,3.1,2024-12-22T08:15,2024-12-22T15:49,21500.14,4.0
2024-12-23,53,6.6,3.3,2024-12-23T08:15,2024-12-23T15:49,3577.50,6.0
2024-12-24,51,12.7,7.3,2024-12-24T08:15,2024-12-24T15:50,1799.95,1.0
2024-12-25,3,11.1,7.0,2024-12-25T08:16,2024-12-25T15:51,7903.12,0.0
2024-12-26,3,8.9,6.2,2024-12-26T08:16,2024-12-26T15:51,0.00,0.0
2024-12-27,51,6.1,4.0,2024-12-27T08:16,2024-12-27T15:52,0.00,2.0
2024-12-28,3,5.8,2.8,2024-12-28T08:16,2024-12-28T15:53,0.00,0.0
2024-12-29,3,8.7,4.9,2024-12-29T08:16,2024-12-29T15:54,12548.01,0.0
2024-12-30,3,9.8,6.4,2024-12-30T08:16,2024-12-30T15:55,21744.27,0.0
2024-12-31,53,10.9,8.0,2024-12-31T08:16,2024-12-31T15:56,10800.00,5.0
